rarity,character_name,type,skills,url
Unknown,イクノディクタス,スピード,,https://gamewith.jp/uma-musume/article/show/537203
Unknown,サクラローレル,スピード,,https://gamewith.jp/uma-musume/article/show/537202
SSR,エアグルーヴ,スピード,,https://gamewith.jp/uma-musume/article/show/537207
SSR,ファインモーション,スピード,,https://gamewith.jp/uma-musume/article/show/537206
Unknown,バブルガムフェロー,スピード,,https://gamewith.jp/uma-musume/article/show/537205
Unknown,オルフェーヴル,スピード,,https://gamewith.jp/uma-musume/article/show/531842
SSR,ゴールドシップ,スピード,,https://gamewith.jp/uma-musume/article/show/531844
SSR,ミホノブルボン,スピード,,https://gamewith.jp/uma-musume/article/show/528906
SSR,トウカイテイオー,スピード,,https://gamewith.jp/uma-musume/article/show/526622
SSR,カレンブーケドール,スピード,,https://gamewith.jp/uma-musume/article/show/522600
SSR,トーセンジョーダン,スピード,,https://gamewith.jp/uma-musume/article/show/521033
SSR,エイシンフラッシュ,スピード,,https://gamewith.jp/uma-musume/article/show/521034
SSR,フジキセキ,スピード,,https://gamewith.jp/uma-musume/article/show/521035
SSR,ダイイチルビー,スピード,,https://gamewith.jp/uma-musume/article/show/517684
Unknown,ダンツフレーム,スピード,,https://gamewith.jp/uma-musume/article/show/516410
SSR,デュランダル,スピード,,https://gamewith.jp/uma-musume/article/show/515323
SSR,カルストンライトオ,スピード,,https://gamewith.jp/uma-musume/article/show/515324
Unknown,クロノジェネシス,スピード,,https://gamewith.jp/uma-musume/article/show/514475
Unknown,ヴィブロス,スピード,,https://gamewith.jp/uma-musume/article/show/511946
SSR,ドゥラメンテ,スピード,,https://gamewith.jp/uma-musume/article/show/511947
SSR,フサイチパンドラ,スピード,,https://gamewith.jp/uma-musume/article/show/510855
SSR,メジロライアン,スピード,,https://gamewith.jp/uma-musume/article/show/507006
SSR,タマモクロス,スピード,,https://gamewith.jp/uma-musume/article/show/504763
Unknown,エアメサイア,スピード,,https://gamewith.jp/uma-musume/article/show/499938
SSR,サイレンススズカ,スピード,,https://gamewith.jp/uma-musume/article/show/496886
Unknown,エスポワールシチー,スピード,,https://gamewith.jp/uma-musume/article/show/495313
Unknown,メジロマックイーン,スピード,,https://gamewith.jp/uma-musume/article/show/495316
Unknown,シンボリクリスエス,スピード,,https://gamewith.jp/uma-musume/article/show/491826
SSR,ウオッカ,スピード,,https://gamewith.jp/uma-musume/article/show/491828
Unknown,ジャングルポケット,スピード,,https://gamewith.jp/uma-musume/article/show/490549
Unknown,グランアレグリア,スピード,,https://gamewith.jp/uma-musume/article/show/485765
Unknown,ナイスネイチャ,スピード,,https://gamewith.jp/uma-musume/article/show/483319
SSR,イクノディクタス,スピード,,https://gamewith.jp/uma-musume/article/show/483320
SSR,カレンチャン,スピード,,https://gamewith.jp/uma-musume/article/show/483321
SSR,シーキングザパール,スピード,,https://gamewith.jp/uma-musume/article/show/481636
Unknown,マルゼンスキー,スピード,,https://gamewith.jp/uma-musume/article/show/480277
SSR,メジロアルダン,スピード,,https://gamewith.jp/uma-musume/article/show/480278
SSR,シンボリルドルフ,スピード,,https://gamewith.jp/uma-musume/article/show/480279
SSR,ブラストワンピース,スピード,,https://gamewith.jp/uma-musume/article/show/477922
Unknown,テイエムオペラオー,スピード,,https://gamewith.jp/uma-musume/article/show/475695
SSR,メイショウドトウ,スピード,,https://gamewith.jp/uma-musume/article/show/475696
SSR,アグネスデジタル,スピード,,https://gamewith.jp/uma-musume/article/show/475697
SSR,シンボリクリスエス,スピード,,https://gamewith.jp/uma-musume/article/show/471505
SSR,エアシャカール,スピード,,https://gamewith.jp/uma-musume/article/show/470260
SSR,ダイワスカーレット,スピード,,https://gamewith.jp/uma-musume/article/show/470261
Unknown,マチカネフクキタル,スピード,,https://gamewith.jp/uma-musume/article/show/465298
SSR,ヒシアマゾン,スピード,,https://gamewith.jp/uma-musume/article/show/465299
SSR,ナリタブライアン,スピード,,https://gamewith.jp/uma-musume/article/show/465300
Unknown,シーザリオ,スピード,,https://gamewith.jp/uma-musume/article/show/464370
Unknown,トウカイテイオー,スピード,,https://gamewith.jp/uma-musume/article/show/462035
SSR,タイキシャトル,スピード,,https://gamewith.jp/uma-musume/article/show/461821
SSR,スティルインラブ,スピード,,https://gamewith.jp/uma-musume/article/show/461425
Unknown,ブエナビスタ,スピード,,https://gamewith.jp/uma-musume/article/show/461420
Unknown,サトノダイヤモンド,スピード,,https://gamewith.jp/uma-musume/article/show/461418
Unknown,ワンダーアキュート,スピード,,https://gamewith.jp/uma-musume/article/show/458175
SSR,スマートファルコン,スピード,,https://gamewith.jp/uma-musume/article/show/458177
SSR,ニシノフラワー,スピード,,https://gamewith.jp/uma-musume/article/show/454551
Unknown,ヴィルシーナ,スピード,,https://gamewith.jp/uma-musume/article/show/451538
SSR,セイウンスカイ,スピード,,https://gamewith.jp/uma-musume/article/show/451539
SSR,ヴィブロス,スピード,,https://gamewith.jp/uma-musume/article/show/451540
Unknown,ノーリーズン,スピード,,https://gamewith.jp/uma-musume/article/show/447918
SSR,ナリタタイシン,スピード,,https://gamewith.jp/uma-musume/article/show/447919
Unknown,バンブーメモリー,スピード,,https://gamewith.jp/uma-musume/article/show/443077
SSR,ヤマニンゼファー,スピード,,https://gamewith.jp/uma-musume/article/show/443076
SSR,ケイエスミラクル,スピード,,https://gamewith.jp/uma-musume/article/show/443075
Unknown,サウンズオブアース,スピード,,https://gamewith.jp/uma-musume/article/show/441620
Unknown,ラインクラフト,スピード,,https://gamewith.jp/uma-musume/article/show/441768
Unknown,ジェンティルドンナ,スピード,,https://gamewith.jp/uma-musume/article/show/437705
Unknown,ドゥラメンテ,スピード,,https://gamewith.jp/uma-musume/article/show/437279
Unknown,キタサンブラック,スピード,,https://gamewith.jp/uma-musume/article/show/435426
Unknown,ノースフライト,スピード,,https://gamewith.jp/uma-musume/article/show/435244
SSR,サクラバクシンオー,スピード,,https://gamewith.jp/uma-musume/article/show/435245
SSR,ウイニングチケット,スピード,,https://gamewith.jp/uma-musume/article/show/435246
Unknown,刻み続ける者たち,スピード,,https://gamewith.jp/uma-musume/article/show/431692
Unknown,ツインターボ,スピード,,https://gamewith.jp/uma-musume/article/show/431693
SSR,サトノダイヤモンド,スピード,,https://gamewith.jp/uma-musume/article/show/431690
Unknown,メジロライアン,スピード,,https://gamewith.jp/uma-musume/article/show/427441
SSR,メジロラモーヌ,スピード,,https://gamewith.jp/uma-musume/article/show/427442
SSR,メジロドーベル,スピード,,https://gamewith.jp/uma-musume/article/show/427443
SSR,メジロマックイーン,スピード,,https://gamewith.jp/uma-musume/article/show/424725
Unknown,ハルウララ,スピード,,https://gamewith.jp/uma-musume/article/show/423581
SSR,キングヘイロー,スピード,,https://gamewith.jp/uma-musume/article/show/423582
SSR,ナカヤマフェスタ,スピード,,https://gamewith.jp/uma-musume/article/show/415470
SSR,エルコンドルパサー,スピード,,https://gamewith.jp/uma-musume/article/show/413772
Unknown,アドマイヤベガ,スピード,,https://gamewith.jp/uma-musume/article/show/413764
Unknown,エアグルーヴ,スピード,,https://gamewith.jp/uma-musume/article/show/410738
SSR,ジャングルポケット,スピード,,https://gamewith.jp/uma-musume/article/show/410739
SSR,マンハッタンカフェ,スピード,,https://gamewith.jp/uma-musume/article/show/410740
SSR,ダイタクヘリオス,スピード,,https://gamewith.jp/uma-musume/article/show/406171
SSR,メジロパーマー,スピード,,https://gamewith.jp/uma-musume/article/show/406172
SSR,ゴールドシチー,スピード,,https://gamewith.jp/uma-musume/article/show/406173
SSR,マヤノトップガン,スピード,,https://gamewith.jp/uma-musume/article/show/404589
Unknown,ウオッカ,スピード,,https://gamewith.jp/uma-musume/article/show/401069
SSR,ナイスネイチャ,スピード,,https://gamewith.jp/uma-musume/article/show/393390
Unknown,カツラギエース,スピード,,https://gamewith.jp/uma-musume/article/show/388777
SSR,ヒシアケボノ,スピード,,https://gamewith.jp/uma-musume/article/show/385621
SSR,ビコーペガサス,スピード,,https://gamewith.jp/uma-musume/article/show/385622
SSR,マーベラスサンデー,スピード,,https://gamewith.jp/uma-musume/article/show/385623
Unknown,グラスワンダー,スピード,,https://gamewith.jp/uma-musume/article/show/381481
SSR,スペシャルウィーク,スピード,,https://gamewith.jp/uma-musume/article/show/381483
Unknown,メジロアルダン,スピード,,https://gamewith.jp/uma-musume/article/show/370097
SSR,ヤエノムテキ,スピード,,https://gamewith.jp/uma-musume/article/show/370098
SSR,オグリキャップ,スピード,,https://gamewith.jp/uma-musume/article/show/370099
SSR,タニノギムレット,スピード,,https://gamewith.jp/uma-musume/article/show/367703
Unknown,シンコウウインディ,スピード,,https://gamewith.jp/uma-musume/article/show/365771
Unknown,ダイイチルビー,スピード,,https://gamewith.jp/uma-musume/article/show/364125
Unknown,ビワハヤヒデ,スピード,,https://gamewith.jp/uma-musume/article/show/361293
SSR,ツインターボ,スピード,,https://gamewith.jp/uma-musume/article/show/361246
Unknown,ミホノブルボン,スピード,,https://gamewith.jp/uma-musume/article/show/359853
Unknown,サクラチヨノオー,スピード,,https://gamewith.jp/uma-musume/article/show/353541
Unknown,ゼンノロブロイ,スピード,,https://gamewith.jp/uma-musume/article/show/348374
Unknown,ライスシャワー,スピード,,https://gamewith.jp/uma-musume/article/show/345497
SSR,ハルウララ,スピード,,https://gamewith.jp/uma-musume/article/show/345499
Unknown,カワカミプリンセス,スピード,,https://gamewith.jp/uma-musume/article/show/330545
SSR,バンブーメモリー,スピード,,https://gamewith.jp/uma-musume/article/show/330547
Unknown,エアシャカール,スピード,,https://gamewith.jp/uma-musume/article/show/325958
Unknown,メジロブライト,スピード,,https://gamewith.jp/uma-musume/article/show/320058
Unknown,サイレンススズカ,スピード,,https://gamewith.jp/uma-musume/article/show/313041
Unknown,ユキノビジン,スピード,,https://gamewith.jp/uma-musume/article/show/302565
SSR,ゼンノロブロイ,スピード,,https://gamewith.jp/uma-musume/article/show/295792
SSR,樫本理子,スピード,,https://gamewith.jp/uma-musume/article/show/292758
SSR,ライスシャワー,スピード,,https://gamewith.jp/uma-musume/article/show/292756
Unknown,ダイワスカーレット,スピード,,https://gamewith.jp/uma-musume/article/show/289085
SSR,スイープトウショウ,スピード,,https://gamewith.jp/uma-musume/article/show/289087
Unknown,ナリタブライアン,スピード,,https://gamewith.jp/uma-musume/article/show/287056
Unknown,ゴールドシップ,スピード,,https://gamewith.jp/uma-musume/article/show/285829
Unknown,ウイニングチケット,スピード,,https://gamewith.jp/uma-musume/article/show/272324
Unknown,マチカネタンホイザ,スピード,,https://gamewith.jp/uma-musume/article/show/266053
Unknown,スペシャルウィーク,スピード,,https://gamewith.jp/uma-musume/article/show/259513
SR,マーベラスサンデー,スピード,,https://gamewith.jp/uma-musume/article/show/461426
SR,メジロパーマー,スピード,,https://gamewith.jp/uma-musume/article/show/459647
SR,マチカネフクキタル,スピード,,https://gamewith.jp/uma-musume/article/show/456414
SR,ヤエノムテキ,スピード,,https://gamewith.jp/uma-musume/article/show/437702
SR,トーセンジョーダン,スピード,,https://gamewith.jp/uma-musume/article/show/437703
SR,ナイスネイチャ,スピード,,https://gamewith.jp/uma-musume/article/show/422639
SR,グラスワンダー,スピード,,https://gamewith.jp/uma-musume/article/show/409693
SR,アグネスタキオン,スピード,,https://gamewith.jp/uma-musume/article/show/388773
SR,シンボリルドルフ,スピード,,https://gamewith.jp/uma-musume/article/show/388774
SR,メジロドーベル,スピード,,https://gamewith.jp/uma-musume/article/show/388775
SR,ツルマルツヨシ,スピード,,https://gamewith.jp/uma-musume/article/show/367940
SR,スイープトウショウ,スピード,,https://gamewith.jp/uma-musume/article/show/327401
Unknown,スマートファルコン,スピード,,https://gamewith.jp/uma-musume/article/show/326648
R,樫本理子,スピード,,https://gamewith.jp/uma-musume/article/show/292805
Unknown,ステイゴールド,スピード,,https://gamewith.jp/uma-musume/article/show/536749
Unknown,オグリキャップ,スピード,,https://gamewith.jp/uma-musume/article/show/534222
Unknown,Sランク評価の条件と育成方法,スピード,,https://gamewith.jp/uma-musume/article/show/298045
Unknown,S+ランク評価の条件と育成方法,スピード,,https://gamewith.jp/uma-musume/article/show/303612
Unknown,追込適性キャラの育成方法,スピード,,https://gamewith.jp/uma-musume/article/show/258842
Unknown,ハルウララの有馬記念優勝レポート｜必要因子と立ち回り,スピード,,https://gamewith.jp/uma-musume/article/show/272047
Unknown,デッキの基本的な組み方,スピード,,https://gamewith.jp/uma-musume/article/show/257619
Unknown,固有スキルレベルの上げ方と必要ファン数,Unknown,時期 | イベント | シニア2月前半 | バレンタイン | シニア4月前半 | ファン感謝祭 | シニア12月後半 | クリスマス,https://gamewith.jp/uma-musume/article/show/260738
Unknown,保健室の成功率検証と効果,Unknown,駿川たづな,https://gamewith.jp/uma-musume/article/show/286339
Unknown,出遅れ･掛かりの原因と対策,賢さ,,https://gamewith.jp/uma-musume/article/show/288739
